Source	Target	Weight
28	80	60
28	5	28
28	79	39
28	15	203
28	30	1
28	27	219
28	0	64
28	31	390
28	83	71
28	12	34
28	73	30
28	48	55
28	50	75
28	95	155
28	82	153
28	18	98
28	13	85
28	54	384
28	3	30
28	91	12
28	72	130
28	4	1499
28	87	50
28	7	41
28	6	66
28	10	28
28	65	176
28	25	1
28	81	44
28	23	6
28	2	51
28	24	80
28	52	169
28	58	228
28	99	190
28	1	367
28	66	3
28	62	595
28	98	290
28	74	530
28	41	11
28	97	195
28	42	43
28	69	288
28	32	76
28	75	48
28	76	559
28	40	115
28	93	458
28	21	136
28	90	188
28	84	7
28	29	83
28	36	4
28	85	90
28	49	188
28	92	45
28	59	63
28	46	6
28	20	8
28	47	4
28	14	1
28	78	13
28	22	23
28	55	28
28	88	108
28	39	3
28	56	2
28	67	294
28	9	166
28	19	49
28	96	492
28	44	2
28	60	23
28	71	19
28	43	48
28	77	108
28	86	168
28	68	103
28	51	719
28	89	206
28	94	11
28	8	164
28	34	68
28	45	16
28	16	15
28	53	718
28	64	70
28	37	260
28	35	35
28	57	311
28	17	14
28	63	13
80	5	39
80	79	55
80	15	306
80	30	2
80	27	293
80	0	1066
80	31	541
80	83	101
80	12	33
80	73	38
80	48	68
80	50	76
80	95	189
80	82	125
80	18	135
80	13	121
80	54	407
80	3	32
80	91	7
80	72	78
80	4	1690
80	87	65
80	7	47
80	6	67
80	10	36
80	65	279
80	25	1
80	81	48
80	23	6
80	2	103
80	24	84
80	52	139
80	58	74
80	99	176
80	1	465
80	66	3
80	62	743
80	98	388
80	74	547
80	41	10
80	97	111
80	42	49
80	69	290
80	32	70
80	75	62
80	76	684
80	40	144
80	93	579
80	21	151
80	90	291
80	84	6
80	29	56
80	36	5
80	85	91
80	49	224
80	92	32
80	59	63
80	46	6
80	20	5
80	47	7
80	14	1
80	78	11
80	22	33
80	55	32
80	88	106
80	39	3
80	56	3
80	67	221
80	9	138
80	19	62
80	96	554
80	44	4
80	60	18
80	71	14
80	43	60
80	77	108
80	86	201
80	68	105
80	51	745
80	89	246
80	94	15
80	8	120
80	34	59
80	45	25
80	16	26
80	53	668
80	64	95
80	37	266
80	35	46
80	57	196
80	17	13
80	63	10
5	79	168
5	15	184
5	30	3
5	27	565
5	0	33
5	31	1028
5	83	199
5	12	13
5	73	55
5	48	128
5	50	178
5	95	357
5	82	53
5	18	221
5	13	224
5	54	808
5	3	91
5	91	7
5	72	162
5	4	2439
5	87	103
5	7	38
5	6	116
5	10	22
5	65	491
5	25	1
5	81	105
5	23	26
5	2	363
5	24	88
5	52	231
5	58	64
5	99	89
5	1	918
5	66	10
5	62	222
5	98	1575
5	74	584
5	41	110
5	97	95
5	42	79
5	69	1323
5	32	88
5	75	364
5	76	1551
5	40	157
5	93	1535
5	21	331
5	90	374
5	84	13
5	29	71
5	36	9
5	85	242
5	49	722
5	92	63
5	59	106
5	46	6
5	20	6
5	47	4
5	14	2
5	78	15
5	22	48
5	55	52
5	88	305
5	39	11
5	56	2
5	67	729
5	9	135
5	19	129
5	96	1430
5	44	6
5	60	62
5	71	24
5	43	402
5	77	749
5	86	1137
5	68	199
5	51	1553
5	89	388
5	94	83
5	8	53
5	34	31
5	45	42
5	16	16
5	53	780
5	64	109
5	37	484
5	35	199
5	57	109
5	17	12
5	63	47
79	15	299
79	30	2
79	27	1858
79	0	66
79	31	3549
79	83	531
79	12	91
79	73	1167
79	48	212
79	50	903
79	95	903
79	82	147
79	18	667
79	13	1187
79	54	2313
79	3	224
79	91	40
79	72	745
79	4	12167
79	87	161
79	7	110
79	6	732
79	10	61
79	65	1462
79	25	1
79	81	2266
79	23	27
79	2	464
79	24	282
79	52	960
79	58	146
79	99	342
79	1	3771
79	66	8
79	62	834
79	98	2591
79	74	1081
79	41	97
79	97	270
79	42	130
79	69	3182
79	32	348
79	75	1372
79	76	4812
79	40	279
79	93	4070
79	21	1029
79	90	2309
79	84	21
79	29	239
79	36	8
79	85	589
79	49	1946
79	92	337
79	59	253
79	46	16
79	20	21
79	47	42
79	14	2
79	78	139
79	22	183
79	55	244
79	88	1061
79	39	16
79	56	4
79	67	2225
79	9	294
79	19	142
79	96	3316
79	44	7
79	60	68
79	71	7
79	43	464
79	77	1286
79	86	1203
79	68	671
79	51	4791
79	89	693
79	94	237
79	8	237
79	34	76
79	45	364
79	16	15
79	53	1949
79	64	289
79	37	2303
79	35	342
79	57	283
79	17	26
79	63	87
15	30	2
15	27	1589
15	0	639
15	31	3302
15	83	1148
15	12	61
15	73	148
15	48	352
15	50	535
15	95	1046
15	82	539
15	18	693
15	13	757
15	54	3053
15	3	171
15	91	33
15	72	608
15	4	10621
15	87	478
15	7	234
15	6	431
15	10	190
15	65	1438
15	25	2
15	81	192
15	23	15
15	2	775
15	24	289
15	52	1003
15	58	520
15	99	825
15	1	2848
15	66	8
15	62	4872
15	98	2563
15	74	7145
15	41	43
15	97	986
15	42	353
15	69	2174
15	32	254
15	75	315
15	76	4643
15	40	1324
15	93	3631
15	21	978
15	90	1567
15	84	17
15	29	255
15	36	9
15	85	671
15	49	1325
15	92	221
15	59	585
15	46	9
15	20	9
15	47	11
15	14	2
15	78	32
15	22	114
15	55	132
15	88	722
15	39	8
15	56	3
15	67	2028
15	9	2419
15	19	424
15	96	4806
15	44	6
15	60	72
15	71	27
15	43	328
15	77	768
15	86	1295
15	68	872
15	51	4991
15	89	1324
15	94	70
15	8	224
15	34	97
15	45	123
15	16	2613
15	53	4765
15	64	569
15	37	1593
15	35	246
15	57	1638
15	17	99
15	63	104
30	27	4
30	0	2
30	31	2
30	83	3
30	12	1
30	73	2
30	48	2
30	50	1
30	95	2
30	82	2
30	18	2
30	13	2
30	54	4
30	3	2
30	91	1
30	72	2
30	4	3
30	87	1
30	7	1
30	6	2
30	10	2
30	65	3
30	25	1
30	81	2
30	23	3
30	2	1
30	24	2
30	52	2
30	58	2
30	99	1
30	1	3
30	66	3
30	62	2
30	98	3
30	74	3
30	41	1
30	97	2
30	42	3
30	69	2
30	32	2
30	75	2
30	76	4
30	40	2
30	93	4
30	21	2
30	90	3
30	84	1
30	29	2
30	36	2
30	85	3
30	49	2
30	92	2
30	59	3
30	46	1
30	20	3
30	47	3
30	14	2
30	78	2
30	22	2
30	55	2
30	88	3
30	39	2
30	56	1
30	67	3
30	9	1
30	19	1
30	96	3
30	44	2
30	60	2
30	71	1
30	43	2
30	77	3
30	86	3
30	68	3
30	51	4
30	89	2
30	94	1
30	8	1
30	34	2
30	45	2
30	16	1
30	53	3
30	64	1
30	37	3
30	35	1
30	57	2
30	17	1
30	63	1
27	0	336
27	31	12268
27	83	1970
27	12	326
27	73	1093
27	48	657
27	50	4834
27	95	3932
27	82	796
27	18	7571
27	13	4156
27	54	16390
27	3	1886
27	91	110
27	72	2206
27	4	43442
27	87	717
27	7	392
27	6	1945
27	10	244
27	65	12824
27	25	5
27	81	1336
27	23	78
27	2	1920
27	24	1070
27	52	2779
27	58	485
27	99	909
27	1	11281
27	66	23
27	62	3098
27	98	13529
27	74	5738
27	41	238
27	97	1057
27	42	1068
27	69	14715
27	32	2534
27	75	3823
27	76	24511
27	40	1138
27	93	21571
27	21	5969
27	90	11239
27	84	39
27	29	665
27	36	21
27	85	4740
27	49	12423
27	92	1014
27	59	1068
27	46	34
27	20	53
27	47	75
27	14	3
27	78	169
27	22	440
27	55	820
27	88	5795
27	39	42
27	56	10
27	67	11509
27	9	1070
27	19	1024
27	96	17690
27	44	21
27	60	280
27	71	33
27	43	1595
27	77	4138
27	86	4804
27	68	2125
27	51	26210
27	89	4225
27	94	382
27	8	1031
27	34	326
27	45	526
27	16	62
27	53	14592
27	64	1953
27	37	10608
27	35	2205
27	57	1098
27	17	120
27	63	674
0	31	668
0	83	191
0	12	36
0	73	41
0	48	101
0	50	91
0	95	392
0	82	198
0	18	137
0	13	192
0	54	516
0	3	45
0	91	15
0	72	139
0	4	2320
0	87	84
0	7	72
0	6	87
0	10	71
0	65	333
0	25	1
0	81	38
0	23	7
0	2	94
0	24	77
0	52	198
0	58	70
0	99	221
0	1	573
0	66	3
0	62	1333
0	98	436
0	74	709
0	41	7
0	97	107
0	42	87
0	69	370
0	32	62
0	75	79
0	76	885
0	40	158
0	93	693
0	21	182
0	90	329
0	84	6
0	29	77
0	36	4
0	85	120
0	49	266
0	92	62
0	59	149
0	46	3
0	20	6
0	47	6
0	14	1
0	78	10
0	22	50
0	55	44
0	88	117
0	39	4
0	56	3
0	67	279
0	9	220
0	19	61
0	96	788
0	44	3
0	60	21
0	71	14
0	43	60
0	77	118
0	86	169
0	68	177
0	51	956
0	89	271
0	94	24
0	8	121
0	34	43
0	45	41
0	16	70
0	53	752
0	64	163
0	37	303
0	35	36
0	57	265
0	17	18
0	63	16
31	83	4171
31	12	718
31	73	1623
31	48	1994
31	50	5114
31	95	8339
31	82	1158
31	18	4877
31	13	4497
31	54	25698
31	3	1467
31	91	191
31	72	5262
31	4	70278
31	87	1284
31	7	823
31	6	2322
31	10	415
31	65	13606
31	25	8
31	81	2759
31	23	127
31	2	3853
31	24	2506
31	52	5455
31	58	995
31	99	2450
31	1	34024
31	66	22
31	62	6269
31	98	23117
31	74	11441
31	41	642
31	97	2268
31	42	1515
31	69	22198
31	32	1588
31	75	3289
31	76	49251
31	40	2335
31	93	36272
31	21	9172
31	90	9909
31	84	58
31	29	1639
31	36	15
31	85	4366
31	49	12097
31	92	1642
31	59	1938
31	46	38
31	20	53
31	47	72
31	14	3
31	78	274
31	22	428
31	55	1859
31	88	6380
31	39	46
31	56	10
31	67	18773
31	9	2231
31	19	1603
31	96	35859
31	44	20
31	60	304
31	71	61
31	43	3243
31	77	11323
31	86	13421
31	68	4469
31	51	51007
31	89	5937
31	94	818
31	8	2086
31	34	490
31	45	721
31	16	194
31	53	25277
31	64	3110
31	37	17631
31	35	2404
31	57	2153
31	17	251
31	63	633
83	12	196
83	73	180
83	48	193
83	50	915
83	95	1054
83	82	256
83	18	743
83	13	1250
83	54	3880
83	3	190
83	91	44
83	72	3158
83	4	13393
83	87	203
83	7	246
83	6	494
83	10	2807
83	65	1714
83	25	1
83	81	281
83	23	26
83	2	1136
83	24	965
83	52	2157
83	58	266
83	99	467
83	1	3989
83	66	7
83	62	2137
83	98	5572
83	74	2151
83	41	141
83	97	705
83	42	312
83	69	4010
83	32	233
83	75	497
83	76	6464
83	40	457
83	93	5653
83	21	1923
83	90	1322
83	84	23
83	29	1161
83	36	5
83	85	2282
83	49	2063
83	92	296
83	59	1407
83	46	10
83	20	13
83	47	15
83	14	2
83	78	40
83	22	137
83	55	173
83	88	1736
83	39	18
83	56	2
83	67	4175
83	9	888
83	19	258
83	96	6347
83	44	7
83	60	333
83	71	27
83	43	535
83	77	1693
83	86	1841
83	68	3821
83	51	6510
83	89	1148
83	94	394
83	8	455
83	34	73
83	45	107
83	16	57
83	53	3600
83	64	522
83	37	1821
83	35	345
83	57	804
83	17	72
83	63	155
12	73	37
12	48	132
12	50	119
12	95	273
12	82	69
12	18	133
12	13	182
12	54	602
12	3	42
12	91	10
12	72	334
12	4	2860
12	87	53
12	7	68
12	6	59
12	10	65
12	65	253
12	25	1
12	81	62
12	23	2
12	2	139
12	24	884
12	52	246
12	58	38
12	99	74
12	1	772
12	66	1
12	62	269
12	98	408
12	74	282
12	41	9
12	97	204
12	42	30
12	69	489
12	32	65
12	75	112
12	76	1090
12	40	102
12	93	739
12	21	215
12	90	354
12	84	5
12	29	143
12	36	1
12	85	125
12	49	314
12	92	55
12	59	92
12	46	9
12	20	12
12	47	5
12	14	1
12	78	26
12	22	22
12	55	59
12	88	184
12	39	1
12	56	1
12	67	560
12	9	74
12	19	33
12	96	781
12	44	2
12	60	7
12	71	6
12	43	62
12	77	165
12	86	194
12	68	297
12	51	1185
12	89	220
12	94	12
12	8	9200
12	34	83
12	45	25
12	16	12
12	53	1044
12	64	68
12	37	362
12	35	34
12	57	124
12	17	53
12	63	17
73	48	122
73	50	331
73	95	451
73	82	98
73	18	393
73	13	381
73	54	1016
73	3	123
73	91	24
73	72	235
73	4	5470
73	87	125
73	7	47
73	6	657
73	10	31
73	65	811
73	25	1
73	81	609
73	23	29
73	2	179
73	24	143
73	52	338
73	58	52
73	99	140
73	1	1434
73	66	5
73	62	314
73	98	1054
73	74	491
73	41	39
73	97	120
73	42	100
73	69	1239
73	32	234
73	75	368
73	76	2090
73	40	147
73	93	1710
73	21	544
73	90	1275
73	84	12
73	29	130
73	36	7
73	85	194
73	49	944
73	92	245
73	59	134
73	46	11
73	20	24
73	47	21
73	14	2
73	78	92
73	22	98
73	55	151
73	88	428
73	39	9
73	56	6
73	67	934
73	9	119
73	19	78
73	96	1430
73	44	9
73	60	43
73	71	8
73	43	209
73	77	449
73	86	481
73	68	178
73	51	2019
73	89	394
73	94	92
73	8	100
73	34	45
73	45	356
73	16	7
73	53	974
73	64	212
73	37	974
73	35	152
73	57	103
73	17	16
73	63	59
48	50	317
48	95	1110
48	82	105
48	18	282
48	13	310
48	54	1217
48	3	100
48	91	15
48	72	365
48	4	5053
48	87	169
48	7	99
48	6	178
48	10	39
48	65	783
48	25	1
48	81	195
48	23	11
48	2	447
48	24	266
48	52	336
48	58	121
48	99	215
48	1	1536
48	66	5
48	62	464
48	98	1032
48	74	964
48	41	50
48	97	221
48	42	76
48	69	1211
48	32	102
48	75	257
48	76	2488
48	40	302
48	93	1828
48	21	599
48	90	680
48	84	12
48	29	175
48	36	4
48	85	211
48	49	750
48	92	129
48	59	260
48	46	12
48	20	11
48	47	7
48	14	1
48	78	30
48	22	41
48	55	129
48	88	349
48	39	5
48	56	3
48	67	883
48	9	146
48	19	129
48	96	1937
48	44	6
48	60	29
48	71	21
48	43	245
48	77	464
48	86	736
48	68	286
48	51	2574
48	89	419
48	94	41
48	8	278
48	34	68
48	45	74
48	16	24
48	53	1378
48	64	153
48	37	798
48	35	124
48	57	175
48	17	39
48	63	55
50	95	1642
50	82	165
50	18	2396
50	13	2083
50	54	6619
50	3	1050
50	91	41
50	72	1074
50	4	14868
50	87	236
50	7	141
50	6	518
50	10	103
50	65	5151
50	25	3
50	81	534
50	23	28
50	2	760
50	24	442
50	52	1153
50	58	197
50	99	420
50	1	4365
50	66	7
50	62	1062
50	98	5383
50	74	1853
50	41	155
50	97	397
50	42	262
50	69	6030
50	32	634
50	75	1844
50	76	10688
50	40	416
50	93	7820
50	21	2623
50	90	3826
50	84	27
50	29	300
50	36	6
50	85	2260
50	49	4016
50	92	315
50	59	407
50	46	12
50	20	13
50	47	21
50	14	1
50	78	68
50	22	124
50	55	329
50	88	2627
50	39	21
50	56	5
50	67	4848
50	9	431
50	19	262
50	96	7892
50	44	9
50	60	100
50	71	21
50	43	583
50	77	1762
50	86	1945
50	68	1023
50	51	10390
50	89	1054
50	94	334
50	8	333
50	34	80
50	45	172
50	16	29
50	53	5428
50	64	554
50	37	5170
50	35	769
50	57	383
50	17	50
50	63	334
95	82	401
95	18	1364
95	13	1291
95	54	6084
95	3	493
95	91	67
95	72	1454
95	4	18269
95	87	250
95	7	268
95	6	699
95	10	198
95	65	3795
95	25	3
95	81	819
95	23	45
95	2	824
95	24	686
95	52	1379
95	58	240
95	99	603
95	1	7550
95	66	10
95	62	1941
95	98	4959
95	74	3122
95	41	110
95	97	542
95	42	474
95	69	5235
95	32	440
95	75	773
95	76	10905
95	40	521
95	93	7814
95	21	2562
95	90	2737
95	84	15
95	29	459
95	36	10
95	85	1368
95	49	2927
95	92	336
95	59	1460
95	46	19
95	20	26
95	47	29
95	14	2
95	78	104
95	22	209
95	55	651
95	88	1568
95	39	22
95	56	6
95	67	3847
95	9	524
95	19	330
95	96	7688
95	44	13
95	60	85
95	71	30
95	43	1157
95	77	2551
95	86	2509
95	68	1620
95	51	11544
95	89	1435
95	94	209
95	8	614
95	34	128
95	45	352
95	16	55
95	53	5976
95	64	938
95	37	4092
95	35	464
95	57	507
95	17	97
95	63	248
82	18	292
82	13	236
82	54	1118
82	3	74
82	91	14
82	72	389
82	4	4888
82	87	92
82	7	98
82	6	247
82	10	53
82	65	624
82	25	1
82	81	94
82	23	6
82	2	314
82	24	232
82	52	433
82	58	261
82	99	280
82	1	1053
82	66	2
82	62	1669
82	98	794
82	74	1049
82	41	19
82	97	208
82	42	162
82	69	809
82	32	231
82	75	96
82	76	1678
82	40	245
82	93	1554
82	21	462
82	90	575
82	84	10
82	29	246
82	36	1
82	85	226
82	49	564
82	92	143
82	59	344
82	46	4
82	20	6
82	47	8
82	14	1
82	78	21
82	22	59
82	55	40
82	88	370
82	39	2
82	56	2
82	67	1081
82	9	525
82	19	107
82	96	1618
82	44	2
82	60	20
82	71	21
82	43	86
82	77	331
82	86	451
82	68	472
82	51	1953
82	89	734
82	94	19
82	8	193
82	34	1264
82	45	55
82	16	28
82	53	2185
82	64	386
82	37	573
82	35	104
82	57	703
82	17	24
82	63	52
18	13	2022
18	54	7326
18	3	964
18	91	54
18	72	814
18	4	16947
18	87	280
18	7	196
18	6	680
18	10	112
18	65	5649
18	25	3
18	81	549
18	23	32
18	2	722
18	24	346
18	52	991
18	58	185
18	99	345
18	1	4177
18	66	11
18	62	1306
18	98	5653
18	74	2172
18	41	115
18	97	364
18	42	467
18	69	6241
18	32	1219
18	75	1805
18	76	10408
18	40	461
18	93	8663
18	21	2714
18	90	5785
18	84	20
18	29	293
18	36	10
18	85	2368
18	49	5347
18	92	427
18	59	332
18	46	21
18	20	29
18	47	39
18	14	2
18	78	79
18	22	213
18	55	400
18	88	2458
18	39	24
18	56	8
18	67	4718
18	9	444
18	19	384
18	96	7418
18	44	10
18	60	163
18	71	25
18	43	617
18	77	1493
18	86	1725
18	68	748
18	51	11647
18	89	1783
18	94	143
18	8	413
18	34	156
18	45	192
18	16	38
18	53	6355
18	64	718
18	37	4810
18	35	1016
18	57	494
18	17	55
18	63	292
13	54	5332
13	3	684
13	91	44
13	72	1683
13	4	17243
13	87	268
13	7	209
13	6	589
13	10	176
13	65	3358
13	25	1
13	81	798
13	23	24
13	2	892
13	24	500
13	52	1229
13	58	262
13	99	518
13	1	4180
13	66	6
13	62	1578
13	98	5155
13	74	1801
13	41	176
13	97	517
13	42	225
13	69	5602
13	32	656
13	75	2453
13	76	8784
13	40	619
13	93	7381
13	21	2345
13	90	3589
13	84	10
13	29	420
13	36	8
13	85	2013
13	49	4088
13	92	289
13	59	785
13	46	19
13	20	29
13	47	19
13	14	2
13	78	83
13	22	343
13	55	328
13	88	2070
13	39	14
13	56	4
13	67	4424
13	9	584
13	19	212
13	96	7219
13	44	8
13	60	104
13	71	17
13	43	523
13	77	1700
13	86	1873
13	68	1572
13	51	8734
13	89	1053
13	94	326
13	8	426
13	34	98
13	45	229
13	16	41
13	53	4544
13	64	424
13	37	3539
13	35	835
13	57	508
13	17	47
13	63	250
54	3	2397
54	91	148
54	72	4298
54	4	59258
54	87	1002
54	7	749
54	6	2002
54	10	437
54	65	16460
54	25	5
54	81	1575
54	23	108
54	2	3205
54	24	2063
54	52	4839
54	58	920
54	99	1868
54	1	24383
54	66	19
54	62	5514
54	98	21383
54	74	9909
54	41	382
54	97	2044
54	42	1244
54	69	23263
54	32	2076
54	75	4207
54	76	44799
54	40	1913
54	93	32677
54	21	8838
54	90	11747
54	84	61
54	29	1298
54	36	18
54	85	7405
54	49	14807
54	92	1233
54	59	1567
54	46	28
54	20	45
54	47	50
54	14	3
54	78	215
54	22	430
54	55	1255
54	88	9033
54	39	36
54	56	8
54	67	18974
54	9	2003
54	19	1600
54	96	34423
54	44	18
54	60	347
54	71	65
54	43	2346
54	77	6842
54	86	9706
54	68	4150
54	51	45797
54	89	5637
54	94	585
54	8	1831
54	34	394
54	45	513
54	16	155
54	53	25182
54	64	2895
54	37	18626
54	35	2819
54	57	1965
54	17	196
54	63	836
3	91	14
3	72	172
3	4	4819
3	87	67
3	7	32
3	6	183
3	10	25
3	65	1849
3	25	1
3	81	151
3	23	19
3	2	205
3	24	135
3	52	325
3	58	83
3	99	123
3	1	1160
3	66	5
3	62	346
3	98	1860
3	74	593
3	41	43
3	97	173
3	42	118
3	69	2010
3	32	305
3	75	547
3	76	3564
3	40	130
3	93	2689
3	21	1032
3	90	1344
3	84	10
3	29	74
3	36	4
3	85	858
3	49	1496
3	92	106
3	59	150
3	46	8
3	20	8
3	47	10
3	14	1
3	78	28
3	22	58
3	55	96
3	88	969
3	39	10
3	56	5
3	67	1860
3	9	135
3	19	98
3	96	2758
3	44	11
3	60	35
3	71	14
3	43	221
3	77	518
3	86	546
3	68	202
3	51	3383
3	89	392
3	94	67
3	8	121
3	34	43
3	45	92
3	16	7
3	53	2010
3	64	220
3	37	1770
3	35	324
3	57	134
3	17	12
3	63	199
91	72	39
91	4	535
91	87	16
91	7	14
91	6	29
91	10	14
91	65	91
91	25	2
91	81	76
91	23	4
91	2	20
91	24	35
91	52	39
91	58	14
91	99	19
91	1	150
91	66	4
91	62	81
91	98	111
91	74	83
91	41	7
91	97	31
91	42	21
91	69	119
91	32	23
91	75	28
91	76	258
91	40	25
91	93	194
91	21	60
91	90	104
91	84	2
91	29	25
91	36	3
91	85	41
91	49	97
91	92	59
91	59	25
91	46	11
91	20	6
91	47	23
91	14	2
91	78	19
91	22	18
91	55	158
91	88	44
91	39	4
91	56	3
91	67	141
91	9	28
91	19	10
91	96	201
91	44	2
91	60	11
91	71	6
91	43	25
91	77	39
91	86	59
91	68	39
91	51	287
91	89	51
91	94	9
91	8	21
91	34	11
91	45	8
91	16	7
91	53	149
91	64	22
91	37	96
91	35	12
91	57	20
91	17	5
91	63	7
72	4	16427
72	87	187
72	7	381
72	6	452
72	10	374
72	65	1940
72	25	1
72	81	443
72	23	34
72	2	995
72	24	1079
72	52	2853
72	58	342
72	99	649
72	1	5500
72	66	6
72	62	1649
72	98	4774
72	74	1431
72	41	220
72	97	602
72	42	298
72	69	6257
72	32	244
72	75	1042
72	76	8121
72	40	519
72	93	7129
72	21	2432
72	90	1395
72	84	18
72	29	1603
72	36	4
72	85	2846
72	49	2419
72	92	298
72	59	1898
72	46	13
72	20	14
72	47	14
72	14	2
72	78	49
72	22	84
72	55	240
72	88	2473
72	39	11
72	56	6
72	67	5678
72	9	572
72	19	207
72	96	6851
72	44	8
72	60	42
72	71	10
72	43	592
72	77	2923
72	86	2562
72	68	9654
72	51	8708
72	89	1296
72	94	283
72	8	855
72	34	166
72	45	96
72	16	42
72	53	3907
72	64	471
72	37	2247
72	35	363
72	57	750
72	17	64
72	63	149
4	87	3759
4	7	2528
4	6	9405
4	10	1924
4	65	34605
4	25	7
4	81	7872
4	23	296
4	2	10172
4	24	6574
4	52	16311
4	58	3136
4	99	6719
4	1	67868
4	66	41
4	62	23183
4	98	57467
4	74	30719
4	41	1368
4	97	6485
4	42	3441
4	69	58650
4	32	7850
4	75	13999
4	76	115579
4	40	7195
4	93	92470
4	21	25508
4	90	33551
4	84	165
4	29	5661
4	36	47
4	85	13902
4	49	41343
4	92	5401
4	59	6744
4	46	147
4	20	205
4	47	253
4	14	3
4	78	1063
4	22	1768
4	55	4050
4	88	20661
4	39	94
4	56	18
4	67	51624
4	9	7678
4	19	4787
4	96	86259
4	44	61
4	60	1418
4	71	145
4	43	5789
4	77	22271
4	86	26002
4	68	14061
4	51	119659
4	89	17918
4	94	2892
4	8	7221
4	34	1774
4	45	2789
4	16	778
4	53	61388
4	64	7142
4	37	41241
4	35	7819
4	57	7717
4	17	704
4	63	2452
87	7	62
87	6	228
87	10	50
87	65	636
87	25	1
87	81	159
87	23	14
87	2	519
87	24	200
87	52	309
87	58	116
87	99	225
87	1	1108
87	66	3
87	62	617
87	98	1031
87	74	1872
87	41	60
87	97	383
87	42	78
87	69	944
87	32	135
87	75	282
87	76	1813
87	40	1030
87	93	1545
87	21	423
87	90	636
87	84	16
87	29	101
87	36	3
87	85	183
87	49	835
87	92	206
87	59	92
87	46	6
87	20	11
87	47	7
87	14	2
87	78	27
87	22	49
87	55	83
87	88	338
87	39	6
87	56	2
87	67	823
87	9	251
87	19	184
87	96	1587
87	44	5
87	60	51
87	71	12
87	43	161
87	77	407
87	86	865
87	68	186
87	51	1971
87	89	397
87	94	55
87	8	118
87	34	65
87	45	78
87	16	39
87	53	1463
87	64	155
87	37	647
87	35	164
87	57	183
87	17	51
87	63	39
7	6	104
7	10	74
7	65	369
7	25	2
7	81	62
7	23	11
7	2	259
7	24	120
7	52	277
7	58	72
7	99	107
7	1	817
7	66	2
7	62	520
7	98	517
7	74	508
7	41	28
7	97	86
7	42	79
7	69	578
7	32	87
7	75	146
7	76	1212
7	40	124
7	93	845
7	21	213
7	90	381
7	84	8
7	29	83
7	36	3
7	85	191
7	49	378
7	92	57
7	59	91
7	46	4
7	20	9
7	47	2
7	14	1
7	78	7
7	22	33
7	55	47
7	88	177
7	39	3
7	56	2
7	67	447
7	9	141
7	19	67
7	96	873
7	44	5
7	60	36
7	71	14
7	43	88
7	77	231
7	86	297
7	68	337
7	51	1369
7	89	346
7	94	27
7	8	165
7	34	37
7	45	26
7	16	25
7	53	725
7	64	119
7	37	398
7	35	68
7	57	182
7	17	25
7	63	17
6	10	61
6	65	1483
6	25	2
6	81	435
6	23	20
6	2	466
6	24	270
6	52	633
6	58	116
6	99	208
6	1	2082
6	66	7
6	62	711
6	98	1776
6	74	1345
6	41	49
6	97	247
6	42	268
6	69	1779
6	32	548
6	75	394
6	76	3601
6	40	357
6	93	3019
6	21	1028
6	90	1506
6	84	17
6	29	253
6	36	7
6	85	399
6	49	1623
6	92	418
6	59	385
6	46	13
6	20	38
6	47	17
6	14	2
6	78	127
6	22	147
6	55	140
6	88	820
6	39	12
6	56	3
6	67	1791
6	9	262
6	19	247
6	96	2628
6	44	5
6	60	118
6	71	21
6	43	231
6	77	607
6	86	871
6	68	403
6	51	3378
6	89	1015
6	94	154
6	8	183
6	34	112
6	45	304
6	16	27
6	53	2023
6	64	627
6	37	1520
6	35	292
6	57	269
6	17	28
6	63	138
10	65	189
10	25	2
10	81	39
10	23	7
10	2	103
10	24	327
10	52	251
10	58	41
10	99	57
10	1	419
10	66	4
10	62	259
10	98	430
10	74	342
10	41	15
10	97	185
10	42	46
10	69	341
10	32	32
10	75	47
10	76	648
10	40	112
10	93	527
10	21	228
10	90	224
10	84	7
10	29	218
10	36	3
10	85	298
10	49	231
10	92	53
10	59	234
10	46	3
10	20	6
10	47	3
10	14	1
10	78	8
10	22	25
10	55	37
10	88	177
10	39	2
10	56	2
10	67	401
10	9	62
10	19	31
10	96	668
10	44	3
10	60	28
10	71	11
10	43	51
10	77	111
10	86	132
10	68	471
10	51	755
10	89	147
10	94	34
10	8	162
10	34	21
10	45	17
10	16	25
10	53	556
10	64	79
10	37	205
10	35	19
10	57	112
10	17	31
10	63	14
65	25	7
65	81	1011
65	23	68
65	2	1986
65	24	962
65	52	2276
65	58	414
65	99	903
65	1	11498
65	66	20
65	62	2309
65	98	11818
65	74	5312
65	41	243
65	97	908
65	42	892
65	69	12957
65	32	1474
65	75	3156
65	76	24824
65	40	1062
65	93	19193
65	21	5139
65	90	8761
65	84	48
65	29	598
65	36	10
65	85	4301
65	49	9634
65	92	896
65	59	932
65	46	25
65	20	42
65	47	48
65	14	3
65	78	128
65	22	295
65	55	708
65	88	5044
65	39	29
65	56	9
65	67	10038
65	9	868
65	19	917
65	96	17388
65	44	13
65	60	208
65	71	48
65	43	1353
65	77	3800
65	86	4852
65	68	1785
65	51	24853
65	89	3601
65	94	408
65	8	772
65	34	291
65	45	389
65	16	78
65	53	13320
65	64	1872
65	37	11341
65	35	1851
65	57	877
65	17	117
65	63	592
25	81	1
25	23	2
25	2	1
25	24	1
25	52	2
25	58	1
25	99	1
25	1	4
25	66	1
25	62	2
25	98	3
25	74	3
25	41	1
25	97	1
25	42	2
25	69	5
25	32	1
25	75	1
25	76	7
25	40	1
25	93	5
25	21	4
25	90	3
25	84	1
25	29	3
25	36	1
25	85	2
25	49	3
25	92	1
25	59	1
25	46	1
25	20	1
25	47	2
25	14	1
25	78	2
25	22	1
25	55	3
25	88	2
25	39	1
25	56	2
25	67	3
25	9	2
25	19	1
25	96	6
25	44	1
25	60	2
25	71	2
25	43	1
25	77	2
25	86	2
25	68	1
25	51	8
25	89	2
25	94	1
25	8	1
25	34	2
25	45	1
25	16	1
25	53	2
25	64	1
25	37	3
25	35	2
25	57	1
25	17	1
25	63	1
81	23	22
81	2	376
81	24	192
81	52	629
81	58	84
81	99	226
81	1	2333
81	66	5
81	62	459
81	98	1673
81	74	589
81	41	82
81	97	188
81	42	90
81	69	1889
81	32	216
81	75	587
81	76	3365
81	40	213
81	93	2740
81	21	770
81	90	1470
81	84	11
81	29	145
81	36	7
81	85	312
81	49	1489
81	92	207
81	59	215
81	46	38
81	20	28
81	47	82
81	14	2
81	78	131
81	22	153
81	55	665
81	88	557
81	39	6
81	56	4
81	67	1424
81	9	169
81	19	101
81	96	2223
81	44	4
81	60	53
81	71	8
81	43	293
81	77	884
81	86	953
81	68	316
81	51	3347
81	89	391
81	94	147
81	8	165
81	34	49
81	45	205
81	16	11
81	53	1519
81	64	206
81	37	1383
81	35	278
81	57	169
81	17	18
81	63	63
23	2	15
23	24	14
23	52	28
23	58	9
23	99	9
23	1	125
23	66	10
23	62	20
23	98	212
23	74	37
23	41	26
23	97	14
23	42	21
23	69	215
23	32	11
23	75	35
23	76	204
23	40	16
23	93	220
23	21	49
23	90	46
23	84	5
23	29	17
23	36	9
23	85	30
23	49	85
23	92	12
23	59	19
23	46	1
23	20	4
23	47	4
23	14	2
23	78	4
23	22	13
23	55	11
23	88	49
23	39	13
23	56	2
23	67	91
23	9	10
23	19	15
23	96	166
23	44	10
23	60	16
23	71	11
23	43	134
23	77	209
23	86	116
23	68	22
23	51	188
23	89	27
23	94	9
23	8	5
23	34	11
23	45	14
23	16	1
23	53	69
23	64	15
23	37	88
23	35	26
23	57	12
23	17	4
23	63	8
2	24	919
2	52	1034
2	58	219
2	99	376
2	1	3367
2	66	7
2	62	916
2	98	3866
2	74	3281
2	41	226
2	97	583
2	42	279
2	69	3404
2	32	236
2	75	774
2	76	5610
2	40	1099
2	93	4891
2	21	1258
2	90	1473
2	84	29
2	29	303
2	36	5
2	85	708
2	49	2176
2	92	243
2	59	541
2	46	5
2	20	8
2	47	7
2	14	1
2	78	46
2	22	105
2	55	189
2	88	1330
2	39	7
2	56	1
2	67	3200
2	9	538
2	19	370
2	96	4879
2	44	2
2	60	322
2	71	23
2	43	498
2	77	1733
2	86	3775
2	68	1020
2	51	5661
2	89	1025
2	94	187
2	8	425
2	34	144
2	45	102
2	16	53
2	53	3688
2	64	499
2	37	1790
2	35	494
2	57	443
2	17	47
2	63	111
24	52	871
24	58	185
24	99	320
24	1	2185
24	66	5
24	62	554
24	98	2017
24	74	1364
24	41	56
24	97	2103
24	42	125
24	69	2027
24	32	121
24	75	299
24	76	3590
24	40	441
24	93	2895
24	21	994
24	90	889
24	84	18
24	29	658
24	36	5
24	85	577
24	49	1017
24	92	171
24	59	530
24	46	6
24	20	15
24	47	5
24	14	1
24	78	36
24	22	72
24	55	121
24	88	1046
24	39	3
24	56	3
24	67	2927
24	9	248
24	19	125
24	96	3243
24	44	3
24	60	37
24	71	18
24	43	260
24	77	800
24	86	1209
24	68	1045
24	51	3836
24	89	543
24	94	81
24	8	1858
24	34	290
24	45	62
24	16	23
24	53	4386
24	64	260
24	37	1148
24	35	118
24	57	348
24	17	89
24	63	70
52	58	583
52	99	988
52	1	5359
52	66	8
52	62	2337
52	98	5676
52	74	2748
52	41	145
52	97	1304
52	42	301
52	69	5081
52	32	492
52	75	723
52	76	8642
52	40	598
52	93	7500
52	21	2004
52	90	1911
52	84	15
52	29	734
52	36	3
52	85	1350
52	49	2730
52	92	406
52	59	818
52	46	11
52	20	12
52	47	14
52	14	1
52	78	64
52	22	135
52	55	255
52	88	2790
52	39	16
52	56	4
52	67	6817
52	9	1028
52	19	420
52	96	7498
52	44	4
52	60	179
52	71	29
52	43	547
52	77	2411
52	86	2483
52	68	2254
52	51	8868
52	89	1565
52	94	288
52	8	727
52	34	168
52	45	162
52	16	56
52	53	5393
52	64	695
52	37	2973
52	35	557
52	57	1226
52	17	79
52	63	177
58	99	1255
58	1	1015
58	66	4
58	62	1874
58	98	1005
58	74	1094
58	41	31
58	97	465
58	42	72
58	69	951
58	32	116
58	75	164
58	76	1640
58	40	240
58	93	1373
58	21	319
58	90	418
58	84	6
58	29	164
58	36	3
58	85	192
58	49	529
58	92	68
58	59	121
58	46	4
58	20	10
58	47	5
58	14	1
58	78	25
58	22	34
58	55	57
58	88	372
58	39	1
58	56	3
58	67	1000
58	9	712
58	19	111
58	96	1502
58	44	2
58	60	23
58	71	27
58	43	126
58	77	407
58	86	538
58	68	263
58	51	1777
58	89	438
58	94	23
58	8	179
58	34	118
58	45	43
58	16	28
58	53	1607
58	64	143
58	37	558
58	35	132
58	57	2076
58	17	16
58	63	35
99	1	2345
99	66	3
99	62	2568
99	98	2062
99	74	2067
99	41	41
99	97	725
99	42	131
99	69	1901
99	32	199
99	75	311
99	76	3565
99	40	461
99	93	2867
99	21	672
99	90	832
99	84	10
99	29	292
99	36	3
99	85	424
99	49	1067
99	92	155
99	59	192
99	46	9
99	20	14
99	47	12
99	14	1
99	78	53
99	22	55
99	55	129
99	88	718
99	39	4
99	56	2
99	67	1948
99	9	769
99	19	226
99	96	3012
99	44	4
99	60	25
99	71	18
99	43	234
99	77	863
99	86	1103
99	68	505
99	51	3808
99	89	688
99	94	59
99	8	263
99	34	130
99	45	76
99	16	50
99	53	3188
99	64	256
99	37	1273
99	35	209
99	57	1846
99	17	44
99	63	66
1	66	23
1	62	6208
1	98	20857
1	74	11557
1	41	490
1	97	2046
1	42	1406
1	69	22029
1	32	1480
1	75	3410
1	76	46629
1	40	2154
1	93	34804
1	21	8743
1	90	8378
1	84	61
1	29	1666
1	36	15
1	85	4779
1	49	12319
1	92	1275
1	59	1756
1	46	41
1	20	50
1	47	68
1	14	2
1	78	294
1	22	407
1	55	1449
1	88	7273
1	39	43
1	56	12
1	67	18322
1	9	1919
1	19	1464
1	96	31630
1	44	19
1	60	280
1	71	50
1	43	2803
1	77	11143
1	86	12979
1	68	4852
1	51	51849
1	89	5778
1	94	727
1	8	2040
1	34	496
1	45	629
1	16	150
1	53	24139
1	64	2639
1	37	17925
1	35	2252
1	57	2019
1	17	212
1	63	489
66	62	8
66	98	22
66	74	14
66	41	3
66	97	5
66	42	10
66	69	29
66	32	5
66	75	7
66	76	36
66	40	3
66	93	34
66	21	11
66	90	10
66	84	5
66	29	5
66	36	6
66	85	11
66	49	13
66	92	3
66	59	7
66	46	1
66	20	3
66	47	2
66	14	2
66	78	3
66	22	3
66	55	3
66	88	14
66	39	6
66	56	1
66	67	23
66	9	4
66	19	4
66	96	31
66	44	8
66	60	4
66	71	3
66	43	22
66	77	18
66	86	17
66	68	7
66	51	32
66	89	11
66	94	2
66	8	2
66	34	4
66	45	4
66	16	1
66	53	19
66	64	5
66	37	16
66	35	5
66	57	4
66	17	2
66	63	3
62	98	5145
62	74	6650
62	41	73
62	97	1490
62	42	646
62	69	4502
62	32	620
62	75	675
62	76	9129
62	40	1495
62	93	7198
62	21	1914
62	90	2808
62	84	39
62	29	670
62	36	5
62	85	1300
62	49	2777
62	92	379
62	59	978
62	46	19
62	20	18
62	47	21
62	14	1
62	78	121
62	22	232
62	55	310
62	88	1446
62	39	11
62	56	3
62	67	4326
62	9	1857
62	19	415
62	96	8619
62	44	4
62	60	58
62	71	41
62	43	603
62	77	1904
62	86	2271
62	68	2111
62	51	10349
62	89	2374
62	94	129
62	8	812
62	34	315
62	45	265
62	16	374
62	53	7800
62	64	809
62	37	3235
62	35	544
62	57	5451
62	17	88
62	63	212
98	74	8544
98	41	921
98	97	2253
98	42	1162
98	69	32793
98	32	1967
98	75	4667
98	76	38307
98	40	1988
98	93	38829
98	21	9108
98	90	9560
98	84	80
98	29	1149
98	36	28
98	85	6826
98	49	15647
98	92	1010
98	59	1754
98	46	21
98	20	29
98	47	49
98	14	2
98	78	212
98	22	447
98	55	1008
98	88	9062
98	39	77
98	56	7
98	67	19822
98	9	2406
98	19	1791
98	96	32469
98	44	35
98	60	895
98	71	102
98	43	3647
98	77	14148
98	86	15502
98	68	4130
98	51	37399
98	89	4722
98	94	1021
98	8	1339
98	34	309
98	45	543
98	16	124
98	53	21344
98	64	1805
98	37	13696
98	35	3671
98	57	2069
98	17	166
98	63	694
74	41	167
74	97	4440
74	42	1145
74	69	7774
74	32	1018
74	75	1131
74	76	15557
74	40	6240
74	93	12256
74	21	2782
74	90	4739
74	84	52
74	29	742
74	36	8
74	85	1743
74	49	4837
74	92	675
74	59	824
74	46	13
74	20	25
74	47	24
74	14	1
74	78	130
74	22	313
74	55	429
74	88	2652
74	39	18
74	56	4
74	67	7009
74	9	3354
74	19	1871
74	96	13002
74	44	7
74	60	188
74	71	41
74	43	1233
74	77	3386
74	86	5473
74	68	1593
74	51	17195
74	89	4320
74	94	221
74	8	790
74	34	438
74	45	322
74	16	645
74	53	16222
74	64	1886
74	37	5582
74	35	918
74	57	2325
74	17	343
74	63	311
41	97	48
41	42	34
41	69	899
41	32	35
41	75	303
41	76	930
41	40	75
41	93	926
41	21	229
41	90	147
41	84	10
41	29	31
41	36	6
41	85	188
41	49	381
41	92	43
41	59	75
41	46	1
41	20	3
41	47	2
41	14	1
41	78	9
41	22	24
41	55	26
41	88	208
41	39	5
41	56	3
41	67	455
41	9	43
41	19	41
41	96	731
41	44	3
41	60	30
41	71	10
41	43	164
41	77	652
41	86	782
41	68	172
41	51	868
41	89	118
41	94	93
41	8	25
41	34	13
41	45	22
41	16	2
41	53	366
41	64	34
41	37	222
41	35	97
41	57	49
41	17	3
41	63	27
97	42	131
97	69	1881
97	32	185
97	75	271
97	76	3463
97	40	1086
97	93	2789
97	21	726
97	90	894
97	84	10
97	29	312
97	36	4
97	85	425
97	49	1046
97	92	133
97	59	289
97	46	9
97	20	9
97	47	5
97	14	1
97	78	45
97	22	65
97	55	130
97	88	898
97	39	5
97	56	2
97	67	2450
97	9	1064
97	19	322
97	96	3377
97	44	4
97	60	41
97	71	25
97	43	225
97	77	801
97	86	1089
97	68	618
97	51	3628
97	89	602
97	94	63
97	8	636
97	34	119
97	45	72
97	16	62
97	53	5270
97	64	296
97	37	1220
97	35	185
97	57	739
97	17	105
97	63	81
42	69	1088
42	32	153
42	75	129
42	76	1981
42	40	161
42	93	1752
42	21	504
42	90	652
42	84	22
42	29	106
42	36	7
42	85	372
42	49	661
42	92	114
42	59	212
42	46	6
42	20	9
42	47	8
42	14	2
42	78	18
42	22	70
42	55	76
42	88	421
42	39	14
42	56	3
42	67	899
42	9	172
42	19	143
42	96	1512
42	44	8
42	60	36
42	71	17
42	43	264
42	77	622
42	86	567
42	68	350
42	51	2057
42	89	727
42	94	33
42	8	103
42	34	72
42	45	66
42	16	22
42	53	1332
42	64	513
42	37	770
42	35	111
42	57	207
42	17	18
42	63	62
69	32	1984
69	75	6029
69	76	38548
69	40	1812
69	93	37652
69	21	9566
69	90	10716
69	84	74
69	29	1363
69	36	32
69	85	7714
69	49	17172
69	92	1056
69	59	1943
69	46	22
69	20	39
69	47	54
69	14	3
69	78	201
69	22	395
69	55	1003
69	88	10854
69	39	79
69	56	11
69	67	20012
69	9	1670
69	19	1402
69	96	31832
69	44	32
69	60	349
69	71	57
69	43	3791
69	77	13939
69	86	14015
69	68	4969
69	51	38398
69	89	4407
69	94	831
69	8	1547
69	34	346
69	45	540
69	16	78
69	53	20041
69	64	1677
69	37	14354
69	35	3445
69	57	1801
69	17	163
69	63	740
32	75	587
32	76	3199
32	40	210
32	93	3210
32	21	821
32	90	1879
32	84	9
32	29	105
32	36	6
32	85	556
32	49	1940
32	92	221
32	59	132
32	46	7
32	20	13
32	47	14
32	14	2
32	78	43
32	22	82
32	55	92
32	88	829
32	39	7
32	56	3
32	67	1800
32	9	256
32	19	316
32	96	2375
32	44	6
32	60	54
32	71	14
32	43	191
32	77	544
32	86	694
32	68	230
32	51	3441
32	89	966
32	94	56
32	8	215
32	34	81
32	45	122
32	16	16
32	53	2351
32	64	294
32	37	1436
32	35	481
32	57	285
32	17	26
32	63	127
75	76	7447
75	40	554
75	93	6703
75	21	1830
75	90	3386
75	84	15
75	29	210
75	36	13
75	85	1656
75	49	4470
75	92	227
75	59	233
75	46	9
75	20	12
75	47	19
75	14	3
75	78	68
75	22	128
75	55	215
75	88	2003
75	39	19
75	56	5
75	67	3202
75	9	235
75	19	244
75	96	5544
75	44	9
75	60	69
75	71	11
75	43	469
75	77	1947
75	86	2078
75	68	771
75	51	7340
75	89	814
75	94	406
75	8	296
75	34	65
75	45	166
75	16	18
75	53	3354
75	64	192
75	37	3056
75	35	987
75	57	264
75	17	31
75	63	199
76	40	3383
76	93	59318
76	21	15774
76	90	17940
76	84	111
76	29	2373
76	36	30
76	85	10144
76	49	22574
76	92	2350
76	59	2973
76	46	70
76	20	85
76	47	103
76	14	4
76	78	472
76	22	722
76	55	2511
76	88	13354
76	39	72
76	56	15
76	67	32681
76	9	3358
76	19	2528
76	96	59536
76	44	33
76	60	583
76	71	93
76	43	4139
76	77	15599
76	86	18519
76	68	6967
76	51	85207
76	89	8972
76	94	1448
76	8	3088
76	34	733
76	45	997
76	16	264
76	53	41287
76	64	4031
76	37	31160
76	35	4423
76	57	3249
76	17	353
76	63	1320
40	93	2736
40	21	724
40	90	1037
40	84	13
40	29	176
40	36	4
40	85	376
40	49	1343
40	92	195
40	59	204
40	46	11
40	20	7
40	47	13
40	14	1
40	78	44
40	22	80
40	55	97
40	88	595
40	39	7
40	56	2
40	67	1636
40	9	594
40	19	409
40	96	2997
40	44	3
40	60	49
40	71	21
40	43	215
40	77	822
40	86	1491
40	68	464
40	51	3520
40	89	801
40	94	78
40	8	238
40	34	129
40	45	69
40	16	147
40	53	3328
40	64	292
40	37	1118
40	35	304
40	57	477
40	17	102
40	63	72
93	21	13620
93	90	15032
93	84	87
93	29	1959
93	36	32
93	85	8701
93	49	22827
93	92	1994
93	59	2745
93	46	44
93	20	56
93	47	81
93	14	4
93	78	324
93	22	619
93	55	1559
93	88	12560
93	39	71
93	56	9
93	67	29054
93	9	2991
93	19	2395
93	96	46758
93	44	34
93	60	615
93	71	94
93	43	4103
93	77	15725
93	86	18274
93	68	5939
93	51	59760
93	89	7326
93	94	1176
93	8	2258
93	34	603
93	45	896
93	16	154
93	53	31944
93	64	3200
93	37	21467
93	35	4660
93	57	2891
93	17	259
93	63	1052
21	90	4362
21	84	34
21	29	862
21	36	5
21	85	3101
21	49	5907
21	92	783
21	59	1649
21	46	16
21	20	22
21	47	27
21	14	2
21	78	127
21	22	182
21	55	515
21	88	4684
21	39	21
21	56	4
21	67	10287
21	9	695
21	19	404
21	96	13540
21	44	10
21	60	121
21	71	26
21	43	1047
21	77	3823
21	86	4672
21	68	2155
21	51	15479
21	89	1776
21	94	315
21	8	691
21	34	171
21	45	304
21	16	75
21	53	8971
21	64	891
21	37	6350
21	35	1060
21	57	669
21	17	73
21	63	793
90	84	45
90	29	617
90	36	12
90	85	3388
90	49	8819
90	92	728
90	59	655
90	46	33
90	20	62
90	47	56
90	14	2
90	78	234
90	22	408
90	55	824
90	88	4201
90	39	25
90	56	6
90	67	7711
90	9	985
90	19	674
90	96	13230
90	44	8
90	60	216
90	71	34
90	43	1051
90	77	2592
90	86	3276
90	68	1323
90	51	18988
90	89	3149
90	94	282
90	8	971
90	34	288
90	45	476
90	16	114
90	53	10932
90	64	1167
90	37	8171
90	35	1513
90	57	908
90	17	116
90	63	493
84	29	11
84	36	2
84	85	22
84	49	36
84	92	14
84	59	11
84	46	1
84	20	2
84	47	3
84	14	1
84	78	6
84	22	6
84	55	6
84	88	36
84	39	2
84	56	1
84	67	47
84	9	21
84	19	8
84	96	99
84	44	3
84	60	18
84	71	6
84	43	24
84	77	42
84	86	56
84	68	11
84	51	101
84	89	41
84	94	5
84	8	8
84	34	9
84	45	2
84	16	3
84	53	50
84	64	15
84	37	45
84	35	17
84	57	10
84	17	3
84	63	14
29	36	5
29	85	561
29	49	673
29	92	186
29	59	503
29	46	7
29	20	13
29	47	22
29	14	1
29	78	48
29	22	68
29	55	141
29	88	942
29	39	4
29	56	2
29	67	2133
29	9	244
29	19	74
29	96	1946
29	44	4
29	60	66
29	71	24
29	43	229
29	77	522
29	86	557
29	68	1420
29	51	2671
29	89	466
29	94	53
29	8	336
29	34	213
29	45	73
29	16	17
29	53	1899
29	64	221
29	37	788
29	35	45
29	57	300
29	17	48
29	63	48
36	85	7
36	49	16
36	92	3
36	59	4
36	46	1
36	20	4
36	47	2
36	14	2
36	78	4
36	22	6
36	55	5
36	88	10
36	39	7
36	56	1
36	67	9
36	9	3
36	19	4
36	96	31
36	44	9
36	60	4
36	71	3
36	43	14
36	77	17
36	86	17
36	68	4
36	51	25
36	89	5
36	94	3
36	8	3
36	34	3
36	45	5
36	16	1
36	53	13
36	64	3
36	37	16
36	35	5
36	57	4
36	17	1
36	63	2
85	49	4586
85	92	258
85	59	726
85	46	11
85	20	14
85	47	17
85	14	2
85	78	62
85	22	103
85	55	278
85	88	3620
85	39	21
85	56	6
85	67	5602
85	9	431
85	19	264
85	96	8880
85	44	12
85	60	115
85	71	21
85	43	761
85	77	2061
85	86	2308
85	68	2709
85	51	10359
85	89	1210
85	94	204
85	8	397
85	34	97
85	45	109
85	16	35
85	53	5838
85	64	519
85	37	4378
85	35	800
85	57	437
85	17	44
85	63	294
49	92	1080
49	59	880
49	46	19
49	20	34
49	47	48
49	14	2
49	78	151
49	22	347
49	55	679
49	88	6414
49	39	45
49	56	7
49	67	11404
49	9	1069
49	19	1150
49	96	17622
49	44	25
49	60	276
49	71	34
49	43	1581
49	77	5064
49	86	7056
49	68	1972
49	51	23061
49	89	3246
49	94	551
49	8	914
49	34	222
49	45	475
49	16	72
49	53	12868
49	64	1165
49	37	9064
49	35	3499
49	57	1150
49	17	111
49	63	534
92	59	217
92	46	5
92	20	5
92	47	9
92	14	2
92	78	28
92	22	66
92	55	67
92	88	586
92	39	4
92	56	5
92	67	1636
92	9	164
92	19	109
92	96	1920
92	44	4
92	60	34
92	71	13
92	43	151
92	77	426
92	86	559
92	68	254
92	51	2331
92	89	551
92	94	75
92	8	131
92	34	53
92	45	92
92	16	15
92	53	1326
92	64	293
92	37	868
92	35	200
92	57	194
92	17	15
92	63	83
59	46	9
59	20	13
59	47	12
59	14	2
59	78	31
59	22	99
59	55	97
59	88	988
59	39	6
59	56	3
59	67	2359
59	9	385
59	19	45
59	96	3234
59	44	4
59	60	44
59	71	23
59	43	264
59	77	747
59	86	784
59	68	3042
59	51	2956
59	89	439
59	94	115
59	8	238
59	34	67
59	45	93
59	16	32
59	53	1624
59	64	489
59	37	785
59	35	103
59	57	320
59	17	53
59	63	193
46	20	153
46	47	162
46	14	1
46	78	91
46	22	8
46	55	304
46	88	10
46	39	1
46	56	1
46	67	30
46	9	10
46	19	7
46	96	39
46	44	1
46	60	6
46	71	4
46	43	9
46	77	10
46	86	13
46	68	11
46	51	71
46	89	15
46	94	3
46	8	11
46	34	4
46	45	7
46	16	4
46	53	41
46	64	6
46	37	33
46	35	6
46	57	7
46	17	5
46	63	2
20	47	47
20	14	2
20	78	123
20	22	15
20	55	99
20	88	11
20	39	2
20	56	1
20	67	37
20	9	9
20	19	8
20	96	48
20	44	3
20	60	6
20	71	6
20	43	8
20	77	10
20	86	18
20	68	14
20	51	104
20	89	24
20	94	4
20	8	23
20	34	10
20	45	17
20	16	2
20	53	63
20	64	12
20	37	28
20	35	7
20	57	12
20	17	4
20	63	5
47	14	2
47	78	83
47	22	10
47	55	318
47	88	26
47	39	5
47	56	2
47	67	53
47	9	9
47	19	5
47	96	68
47	44	2
47	60	6
47	71	5
47	43	12
47	77	15
47	86	17
47	68	11
47	51	106
47	89	17
47	94	4
47	8	13
47	34	6
47	45	13
47	16	2
47	53	66
47	64	6
47	37	46
47	35	9
47	57	4
47	17	3
47	63	4
14	78	2
14	22	2
14	55	1
14	88	2
14	39	2
14	56	1
14	67	2
14	9	2
14	19	1
14	96	4
14	44	2
14	60	2
14	71	1
14	43	3
14	77	3
14	86	2
14	68	2
14	51	4
14	89	1
14	94	1
14	8	1
14	34	1
14	45	2
14	16	1
14	53	3
14	64	1
14	37	2
14	35	1
14	57	1
14	17	1
14	63	1
78	22	22
78	55	348
78	88	65
78	39	2
78	56	1
78	67	193
78	9	46
78	19	25
78	96	286
78	44	3
78	60	15
78	71	8
78	43	36
78	77	60
78	86	95
78	68	46
78	51	473
78	89	58
78	94	23
78	8	43
78	34	15
78	45	60
78	16	3
78	53	276
78	64	33
78	37	192
78	35	36
78	57	33
78	17	7
78	63	13
22	55	59
22	88	109
22	39	9
22	56	2
22	67	355
22	9	86
22	19	43
22	96	642
22	44	4
22	60	40
22	71	15
22	43	83
22	77	141
22	86	188
22	68	133
22	51	778
22	89	216
22	94	35
22	8	59
22	34	22
22	45	121
22	16	8
22	53	457
22	64	70
22	37	292
22	35	49
22	57	72
22	17	12
22	63	26
55	88	332
55	39	10
55	56	8
55	67	954
55	9	110
55	19	68
55	96	1551
55	44	5
55	60	27
55	71	8
55	43	178
55	77	410
55	86	480
55	68	196
55	51	2575
55	89	218
55	94	36
55	8	175
55	34	41
55	45	68
55	16	13
55	53	1262
55	64	118
55	37	1028
55	35	87
55	57	94
55	17	14
55	63	37
88	39	22
88	56	4
88	67	12045
88	9	620
88	19	387
88	96	11983
88	44	8
88	60	154
88	71	21
88	43	952
88	77	3232
88	86	4201
88	68	2196
88	51	13416
88	89	1636
88	94	266
88	8	571
88	34	227
88	45	186
88	16	26
88	53	8194
88	64	752
88	37	5664
88	35	1083
88	57	710
88	17	67
88	63	402
39	56	1
39	67	39
39	9	7
39	19	6
39	96	56
39	44	5
39	60	3
39	71	2
39	43	27
39	77	54
39	86	33
39	68	9
39	51	64
39	89	15
39	94	4
39	8	1
39	34	2
39	45	5
39	16	1
39	53	36
39	64	6
39	37	34
39	35	5
39	57	2
39	17	1
39	63	2
56	67	10
56	9	2
56	19	4
56	96	11
56	44	1
56	60	2
56	71	2
56	43	3
56	77	5
56	86	5
56	68	1
56	51	14
56	89	4
56	94	2
56	8	2
56	34	1
56	45	3
56	16	1
56	53	7
56	64	3
56	37	8
56	35	2
56	57	1
56	17	2
56	63	1
67	9	1912
67	19	1118
67	96	29002
67	44	15
67	60	357
67	71	44
67	43	2024
67	77	8060
67	86	9812
67	68	5018
67	51	32713
67	89	3875
67	94	680
67	8	1721
67	34	522
67	45	458
67	16	79
67	53	21020
67	64	1861
67	37	12250
67	35	2178
67	57	2021
67	17	167
67	63	783
9	19	246
9	96	3405
9	44	2
9	60	128
9	71	30
9	43	223
9	77	692
9	86	1019
9	68	787
9	51	3694
9	89	879
9	94	63
9	8	214
9	34	98
9	45	90
9	16	193
9	53	3045
9	64	331
9	37	1109
9	35	279
9	57	1713
9	17	32
9	63	82
19	96	2075
19	44	5
19	60	32
19	71	21
19	43	161
19	77	702
19	86	1149
19	68	141
19	51	2579
19	89	780
19	94	46
19	8	124
19	34	56
19	45	46
19	16	19
19	53	2132
19	64	231
19	37	910
19	35	565
19	57	222
19	17	29
19	63	53
96	44	24
96	60	498
96	71	86
96	43	3455
96	77	12455
96	86	15493
96	68	6573
96	51	58110
96	89	6950
96	94	1113
96	8	2355
96	34	526
96	45	699
96	16	257
96	53	31836
96	64	3125
96	37	20855
96	35	3514
96	57	3297
96	17	311
96	63	1346
44	60	3
44	71	2
44	43	45
44	77	24
44	86	17
44	68	6
44	51	37
44	89	6
44	94	2
44	8	2
44	34	3
44	45	5
44	16	2
44	53	15
44	64	4
44	37	16
44	35	5
44	57	2
44	17	2
44	63	2
60	71	19
60	43	65
60	77	118
60	86	204
60	68	71
60	51	606
60	89	80
60	94	57
60	8	24
60	34	20
60	45	29
60	16	13
60	53	211
60	64	42
60	37	240
60	35	55
60	57	35
60	17	6
60	63	14
71	43	15
71	77	29
71	86	39
71	68	22
71	51	88
71	89	42
71	94	11
71	8	14
71	34	23
71	45	7
71	16	2
71	53	53
71	64	23
71	37	34
71	35	14
71	57	21
71	17	3
71	63	4
43	77	2216
43	86	1917
43	68	609
43	51	4034
43	89	628
43	94	105
43	8	173
43	34	50
43	45	114
43	16	14
43	53	2089
43	64	294
43	37	1436
43	35	307
43	57	214
43	17	22
43	63	79
77	86	8695
77	68	2255
77	51	15606
77	89	1853
77	94	430
77	8	590
77	34	134
77	45	202
77	16	19
77	53	7713
77	64	682
77	37	5037
77	35	1259
77	57	748
77	17	51
77	63	217
86	68	1916
86	51	18292
86	89	2596
86	94	464
86	8	761
86	34	183
86	45	204
86	16	53
86	53	10898
86	64	914
86	37	6382
86	35	1917
86	57	984
86	17	87
86	63	267
68	51	7422
68	89	1006
68	94	264
68	8	716
68	34	153
68	45	92
68	16	73
68	53	3482
68	64	511
68	37	2157
68	35	265
68	57	773
68	17	53
68	63	160
51	89	9534
51	94	1253
51	8	3599
51	34	900
51	45	1061
51	16	283
51	53	45396
51	64	4186
51	37	31575
51	35	4360
51	57	3714
51	17	360
51	63	1296
89	94	163
89	8	671
89	34	299
89	45	190
89	16	84
89	53	6071
89	64	1111
89	37	3255
89	35	817
89	57	1050
89	17	80
89	63	193
94	8	35
94	34	16
94	45	43
94	16	4
94	53	432
94	64	71
94	37	431
94	35	126
94	57	61
94	17	7
94	63	53
8	34	186
8	45	62
8	16	23
8	53	3208
8	64	182
8	37	1005
8	35	127
8	57	407
8	17	59
8	63	68
34	45	33
34	16	6
34	53	1108
34	64	108
34	37	337
34	35	21
34	57	135
34	17	6
34	63	16
45	16	13
45	53	586
45	64	123
45	37	539
45	35	81
45	57	81
45	17	6
45	63	29
16	53	284
16	64	26
16	37	91
16	35	7
16	57	115
16	17	17
16	63	12
53	64	2680
53	37	16055
53	35	2473
53	57	3106
53	17	386
53	63	770
64	37	1656
64	35	219
64	57	356
64	17	31
64	63	120
37	35	1751
37	57	1064
37	17	121
37	63	522
35	57	268
35	17	13
35	63	103
57	17	41
57	63	78
17	63	14
